00_topo1	1_emscoring	1_emscoring_rank	4_seletopclusts	4_seletopclusts_rank
Target268_313_from_Target268_twoch_238_haddock.psf	emscoring_155.pdb	3	cluster_1_model_1.pdb	1
Target268_510_from_Target268_twoch_455_haddock.psf	emscoring_395.pdb	6	cluster_1_model_2.pdb	2
Target268_267_from_Target268_twoch_186_haddock.psf	emscoring_97.pdb	7	cluster_1_model_3.pdb	3
Target268_103_from_Target268_twoch_6_haddock.psf	emscoring_445.pdb	10	cluster_1_model_4.pdb	4
Target268_711_from_Target268_twoch_677_haddock.psf	emscoring_641.pdb	15	cluster_4_model_1.pdb	5
Target268_669_from_Target268_twoch_629_haddock.psf	emscoring_588.pdb	17	cluster_2_model_1.pdb	6
Target268_164_from_Target268_twoch_73_haddock.psf	emscoring_690.pdb	18	cluster_6_model_1.pdb	7
Target268_323_from_Target268_twoch_249_haddock.psf	emscoring_167.pdb	19	cluster_6_model_2.pdb	8
Target268_679_from_Target268_twoch_640_haddock.psf	emscoring_600.pdb	21	cluster_3_model_1.pdb	9
Target268_659_from_Target268_twoch_618_haddock.psf	emscoring_576.pdb	22	cluster_2_model_2.pdb	10
Target268_181_from_Target268_twoch_91_haddock.psf	emscoring_775.pdb	24	cluster_4_model_2.pdb	11
Target268_117_from_Target268_twoch_21_haddock.psf	emscoring_114.pdb	27	cluster_3_model_2.pdb	12
Target268_49_from_Target268_twoch_432_haddock.psf	emscoring_370.pdb	28	cluster_15_model_1.pdb	13
Target268_578_from_Target268_twoch_529_haddock.psf	emscoring_477.pdb	29	cluster_2_model_3.pdb	14
Target268_509_from_Target268_twoch_453_haddock.psf	emscoring_393.pdb	34	cluster_5_model_1.pdb	15
Target268_546_from_Target268_twoch_494_haddock.psf	emscoring_438.pdb	37	cluster_3_model_3.pdb	16
Target268_761_from_Target268_twoch_732_haddock.psf	emscoring_703.pdb	41	cluster_2_model_4.pdb	17
Target268_542_from_Target268_twoch_490_haddock.psf	emscoring_433.pdb	42	cluster_5_model_2.pdb	18
Target268_769_from_Target268_twoch_740_haddock.psf	emscoring_711.pdb	43	cluster_8_model_1.pdb	19
Target268_755_from_Target268_twoch_725_haddock.psf	emscoring_695.pdb	44	cluster_3_model_4.pdb	20
Target268_568_from_Target268_twoch_518_haddock.psf	emscoring_465.pdb	48	cluster_5_model_3.pdb	21
Target268_8_from_Target268_twoch_764_haddock.psf	emscoring_738.pdb	49	cluster_5_model_4.pdb	22
Target268_738_from_Target268_twoch_706_haddock.psf	emscoring_674.pdb	51	cluster_7_model_1.pdb	23
Target268_524_from_Target268_twoch_470_haddock.psf	emscoring_411.pdb	53	cluster_9_model_1.pdb	24
Target268_159_from_Target268_twoch_67_haddock.psf	emscoring_623.pdb	54	cluster_9_model_2.pdb	25
Target268_521_from_Target268_twoch_467_haddock.psf	emscoring_408.pdb	56	cluster_9_model_3.pdb	26
Target268_649_from_Target268_twoch_607_haddock.psf	emscoring_564.pdb	58	cluster_13_model_1.pdb	27
Target268_552_from_Target268_twoch_501_haddock.psf	emscoring_447.pdb	59	cluster_4_model_3.pdb	28
Target268_302_from_Target268_twoch_226_haddock.psf	emscoring_142.pdb	60	cluster_7_model_2.pdb	29
Target268_760_from_Target268_twoch_731_haddock.psf	emscoring_702.pdb	61	cluster_7_model_3.pdb	30
Target268_13_from_Target268_twoch_35_haddock.psf	emscoring_269.pdb	63	cluster_10_model_1.pdb	31
Target268_131_from_Target268_twoch_37_haddock.psf	emscoring_291.pdb	64	cluster_12_model_1.pdb	32
Target268_232_from_Target268_twoch_148_haddock.psf	emscoring_55.pdb	67	cluster_10_model_2.pdb	33
Target268_241_from_Target268_twoch_158_haddock.psf	emscoring_66.pdb	72	cluster_7_model_4.pdb	34
Target268_455_from_Target268_twoch_394_haddock.psf	emscoring_328.pdb	74	cluster_10_model_3.pdb	35
Target268_435_from_Target268_twoch_372_haddock.psf	emscoring_304.pdb	77	cluster_11_model_1.pdb	36
Target268_550_from_Target268_twoch_499_haddock.psf	emscoring_443.pdb	79	cluster_8_model_2.pdb	37
Target268_498_from_Target268_twoch_441_haddock.psf	emscoring_380.pdb	81	cluster_8_model_3.pdb	38
Target268_466_from_Target268_twoch_406_haddock.psf	emscoring_342.pdb	82	cluster_4_model_4.pdb	39
Target268_336_from_Target268_twoch_263_haddock.psf	emscoring_183.pdb	84	cluster_10_model_4.pdb	40
Target268_234_from_Target268_twoch_150_haddock.psf	emscoring_57.pdb	85	cluster_13_model_2.pdb	41
Target268_368_from_Target268_twoch_298_haddock.psf	emscoring_221.pdb	89	cluster_12_model_2.pdb	42
Target268_18_from_Target268_twoch_89_haddock.psf	emscoring_772.pdb	91	cluster_11_model_2.pdb	43
Target268_429_from_Target268_twoch_365_haddock.psf	emscoring_296.pdb	93	cluster_11_model_3.pdb	44
Target268_750_from_Target268_twoch_720_haddock.psf	emscoring_689.pdb	95	cluster_8_model_4.pdb	45
Target268_405_from_Target268_twoch_339_haddock.psf	emscoring_267.pdb	103	cluster_15_model_2.pdb	46
Target268_785_from_Target268_twoch_758_haddock.psf	emscoring_731.pdb	104	cluster_11_model_4.pdb	47
Target268_456_from_Target268_twoch_395_haddock.psf	emscoring_329.pdb	106	cluster_14_model_1.pdb	48
Target268_213_from_Target268_twoch_127_haddock.psf	emscoring_32.pdb	107	cluster_14_model_2.pdb	49
Target268_654_from_Target268_twoch_613_haddock.psf	emscoring_571.pdb	110	cluster_12_model_3.pdb	50
Target268_308_from_Target268_twoch_232_haddock.psf	emscoring_149.pdb	114	cluster_12_model_4.pdb	51
Target268_174_from_Target268_twoch_83_haddock.psf	emscoring_766.pdb	121	cluster_14_model_3.pdb	52
Target268_251_from_Target268_twoch_169_haddock.psf	emscoring_78.pdb	131	cluster_13_model_3.pdb	53
Target268_581_from_Target268_twoch_533_haddock.psf	emscoring_482.pdb	143	cluster_14_model_4.pdb	54
Target268_22_from_Target268_twoch_134_haddock.psf	emscoring_40.pdb	145	cluster_6_model_3.pdb	55
Target268_585_from_Target268_twoch_537_haddock.psf	emscoring_486.pdb	158	cluster_13_model_4.pdb	56
Target268_114_from_Target268_twoch_18_haddock.psf	emscoring_80.pdb	163	cluster_6_model_4.pdb	57
Target268_374_from_Target268_twoch_305_haddock.psf	emscoring_230.pdb	171	cluster_9_model_4.pdb	58
Target268_745_from_Target268_twoch_714_haddock.psf	emscoring_683.pdb	239	cluster_15_model_3.pdb	59
Target268_25_from_Target268_twoch_167_haddock.psf	emscoring_76.pdb	256	cluster_15_model_4.pdb	60
Target268_590_from_Target268_twoch_543_haddock.psf	emscoring_493.pdb	1	-	-
Target268_281_from_Target268_twoch_202_haddock.psf	emscoring_116.pdb	2	-	-
Target268_537_from_Target268_twoch_484_haddock.psf	emscoring_427.pdb	4	-	-
Target268_50_from_Target268_twoch_443_haddock.psf	emscoring_382.pdb	5	-	-
Target268_338_from_Target268_twoch_265_haddock.psf	emscoring_185.pdb	8	-	-
Target268_320_from_Target268_twoch_246_haddock.psf	emscoring_164.pdb	9	-	-
Target268_713_from_Target268_twoch_679_haddock.psf	emscoring_643.pdb	11	-	-
Target268_171_from_Target268_twoch_80_haddock.psf	emscoring_762.pdb	12	-	-
Target268_299_from_Target268_twoch_221_haddock.psf	emscoring_137.pdb	13	-	-
Target268_352_from_Target268_twoch_281_haddock.psf	emscoring_203.pdb	14	-	-
Target268_332_from_Target268_twoch_259_haddock.psf	emscoring_178.pdb	16	-	-
Target268_301_from_Target268_twoch_225_haddock.psf	emscoring_141.pdb	20	-	-
Target268_421_from_Target268_twoch_357_haddock.psf	emscoring_287.pdb	23	-	-
Target268_106_from_Target268_twoch_9_haddock.psf	emscoring_763.pdb	25	-	-
Target268_770_from_Target268_twoch_742_haddock.psf	emscoring_714.pdb	26	-	-
Target268_27_from_Target268_twoch_189_haddock.psf	emscoring_100.pdb	30	-	-
Target268_345_from_Target268_twoch_273_haddock.psf	emscoring_194.pdb	31	-	-
Target268_219_from_Target268_twoch_133_haddock.psf	emscoring_39.pdb	32	-	-
Target268_752_from_Target268_twoch_722_haddock.psf	emscoring_692.pdb	33	-	-
Target268_186_from_Target268_twoch_96_haddock.psf	emscoring_780.pdb	35	-	-
Target268_689_from_Target268_twoch_651_haddock.psf	emscoring_613.pdb	36	-	-
Target268_165_from_Target268_twoch_74_haddock.psf	emscoring_701.pdb	38	-	-
Target268_543_from_Target268_twoch_491_haddock.psf	emscoring_435.pdb	39	-	-
Target268_441_from_Target268_twoch_379_haddock.psf	emscoring_311.pdb	40	-	-
Target268_561_from_Target268_twoch_511_haddock.psf	emscoring_458.pdb	45	-	-
Target268_296_from_Target268_twoch_218_haddock.psf	emscoring_133.pdb	46	-	-
Target268_286_from_Target268_twoch_207_haddock.psf	emscoring_121.pdb	47	-	-
Target268_2_from_Target268_twoch_111_haddock.psf	emscoring_15.pdb	50	-	-
Target268_202_from_Target268_twoch_115_haddock.psf	emscoring_19.pdb	52	-	-
Target268_538_from_Target268_twoch_485_haddock.psf	emscoring_428.pdb	55	-	-
Target268_471_from_Target268_twoch_412_haddock.psf	emscoring_349.pdb	57	-	-
Target268_360_from_Target268_twoch_290_haddock.psf	emscoring_212.pdb	62	-	-
Target268_595_from_Target268_twoch_548_haddock.psf	emscoring_498.pdb	65	-	-
Target268_463_from_Target268_twoch_403_haddock.psf	emscoring_339.pdb	66	-	-
Target268_780_from_Target268_twoch_753_haddock.psf	emscoring_726.pdb	68	-	-
Target268_598_from_Target268_twoch_551_haddock.psf	emscoring_502.pdb	69	-	-
Target268_575_from_Target268_twoch_526_haddock.psf	emscoring_474.pdb	70	-	-
Target268_625_from_Target268_twoch_581_haddock.psf	emscoring_535.pdb	71	-	-
Target268_3_from_Target268_twoch_222_haddock.psf	emscoring_138.pdb	73	-	-
Target268_307_from_Target268_twoch_231_haddock.psf	emscoring_148.pdb	75	-	-
Target268_385_from_Target268_twoch_316_haddock.psf	emscoring_242.pdb	76	-	-
Target268_99_from_Target268_twoch_785_haddock.psf	emscoring_761.pdb	78	-	-
Target268_37_from_Target268_twoch_300_haddock.psf	emscoring_223.pdb	80	-	-
Target268_587_from_Target268_twoch_539_haddock.psf	emscoring_488.pdb	83	-	-
Target268_17_from_Target268_twoch_78_haddock.psf	emscoring_745.pdb	86	-	-
Target268_692_from_Target268_twoch_655_haddock.psf	emscoring_617.pdb	87	-	-
Target268_778_from_Target268_twoch_750_haddock.psf	emscoring_722.pdb	88	-	-
Target268_47_from_Target268_twoch_410_haddock.psf	emscoring_346.pdb	90	-	-
Target268_437_from_Target268_twoch_374_haddock.psf	emscoring_306.pdb	92	-	-
Target268_504_from_Target268_twoch_448_haddock.psf	emscoring_387.pdb	94	-	-
Target268_382_from_Target268_twoch_313_haddock.psf	emscoring_239.pdb	96	-	-
Target268_645_from_Target268_twoch_603_haddock.psf	emscoring_560.pdb	97	-	-
Target268_259_from_Target268_twoch_177_haddock.psf	emscoring_87.pdb	98	-	-
Target268_559_from_Target268_twoch_508_haddock.psf	emscoring_454.pdb	99	-	-
Target268_564_from_Target268_twoch_514_haddock.psf	emscoring_461.pdb	100	-	-
Target268_480_from_Target268_twoch_422_haddock.psf	emscoring_360.pdb	101	-	-
Target268_236_from_Target268_twoch_152_haddock.psf	emscoring_60.pdb	102	-	-
Target268_295_from_Target268_twoch_217_haddock.psf	emscoring_132.pdb	105	-	-
Target268_696_from_Target268_twoch_659_haddock.psf	emscoring_621.pdb	108	-	-
Target268_140_from_Target268_twoch_47_haddock.psf	emscoring_401.pdb	109	-	-
Target268_438_from_Target268_twoch_375_haddock.psf	emscoring_307.pdb	111	-	-
Target268_671_from_Target268_twoch_632_haddock.psf	emscoring_592.pdb	112	-	-
Target268_740_from_Target268_twoch_709_haddock.psf	emscoring_677.pdb	113	-	-
Target268_594_from_Target268_twoch_547_haddock.psf	emscoring_497.pdb	115	-	-
Target268_515_from_Target268_twoch_460_haddock.psf	emscoring_400.pdb	116	-	-
Target268_230_from_Target268_twoch_146_haddock.psf	emscoring_53.pdb	117	-	-
Target268_173_from_Target268_twoch_82_haddock.psf	emscoring_765.pdb	118	-	-
Target268_55_from_Target268_twoch_498_haddock.psf	emscoring_442.pdb	119	-	-
Target268_59_from_Target268_twoch_542_haddock.psf	emscoring_492.pdb	120	-	-
Target268_597_from_Target268_twoch_550_haddock.psf	emscoring_500.pdb	122	-	-
Target268_485_from_Target268_twoch_427_haddock.psf	emscoring_365.pdb	123	-	-
Target268_567_from_Target268_twoch_517_haddock.psf	emscoring_464.pdb	124	-	-
Target268_699_from_Target268_twoch_662_haddock.psf	emscoring_625.pdb	125	-	-
Target268_522_from_Target268_twoch_468_haddock.psf	emscoring_409.pdb	126	-	-
Target268_335_from_Target268_twoch_262_haddock.psf	emscoring_182.pdb	127	-	-
Target268_618_from_Target268_twoch_574_haddock.psf	emscoring_527.pdb	128	-	-
Target268_574_from_Target268_twoch_525_haddock.psf	emscoring_473.pdb	129	-	-
Target268_492_from_Target268_twoch_435_haddock.psf	emscoring_373.pdb	130	-	-
Target268_616_from_Target268_twoch_572_haddock.psf	emscoring_525.pdb	132	-	-
Target268_506_from_Target268_twoch_450_haddock.psf	emscoring_389.pdb	133	-	-
Target268_63_from_Target268_twoch_586_haddock.psf	emscoring_540.pdb	134	-	-
Target268_56_from_Target268_twoch_509_haddock.psf	emscoring_455.pdb	135	-	-
Target268_422_from_Target268_twoch_358_haddock.psf	emscoring_288.pdb	136	-	-
Target268_529_from_Target268_twoch_475_haddock.psf	emscoring_417.pdb	137	-	-
Target268_157_from_Target268_twoch_65_haddock.psf	emscoring_601.pdb	138	-	-
Target268_439_from_Target268_twoch_376_haddock.psf	emscoring_308.pdb	139	-	-
Target268_764_from_Target268_twoch_735_haddock.psf	emscoring_706.pdb	140	-	-
Target268_222_from_Target268_twoch_137_haddock.psf	emscoring_43.pdb	141	-	-
Target268_632_from_Target268_twoch_589_haddock.psf	emscoring_543.pdb	142	-	-
Target268_549_from_Target268_twoch_497_haddock.psf	emscoring_441.pdb	144	-	-
Target268_701_from_Target268_twoch_666_haddock.psf	emscoring_629.pdb	146	-	-
Target268_152_from_Target268_twoch_60_haddock.psf	emscoring_545.pdb	147	-	-
Target268_615_from_Target268_twoch_571_haddock.psf	emscoring_524.pdb	148	-	-
Target268_378_from_Target268_twoch_308_haddock.psf	emscoring_233.pdb	149	-	-
Target268_398_from_Target268_twoch_330_haddock.psf	emscoring_257.pdb	150	-	-
Target268_721_from_Target268_twoch_688_haddock.psf	emscoring_653.pdb	151	-	-
Target268_748_from_Target268_twoch_717_haddock.psf	emscoring_686.pdb	152	-	-
Target268_224_from_Target268_twoch_139_haddock.psf	emscoring_45.pdb	153	-	-
Target268_85_from_Target268_twoch_770_haddock.psf	emscoring_744.pdb	154	-	-
Target268_496_from_Target268_twoch_439_haddock.psf	emscoring_377.pdb	155	-	-
Target268_662_from_Target268_twoch_622_haddock.psf	emscoring_581.pdb	156	-	-
Target268_119_from_Target268_twoch_23_haddock.psf	emscoring_136.pdb	157	-	-
Target268_343_from_Target268_twoch_271_haddock.psf	emscoring_192.pdb	159	-	-
Target268_680_from_Target268_twoch_642_haddock.psf	emscoring_603.pdb	160	-	-
Target268_643_from_Target268_twoch_601_haddock.psf	emscoring_558.pdb	161	-	-
Target268_387_from_Target268_twoch_318_haddock.psf	emscoring_244.pdb	162	-	-
Target268_727_from_Target268_twoch_694_haddock.psf	emscoring_660.pdb	164	-	-
Target268_765_from_Target268_twoch_736_haddock.psf	emscoring_707.pdb	165	-	-
Target268_244_from_Target268_twoch_161_haddock.psf	emscoring_70.pdb	166	-	-
Target268_572_from_Target268_twoch_523_haddock.psf	emscoring_471.pdb	167	-	-
Target268_500_from_Target268_twoch_444_haddock.psf	emscoring_383.pdb	168	-	-
Target268_551_from_Target268_twoch_500_haddock.psf	emscoring_444.pdb	169	-	-
Target268_279_from_Target268_twoch_199_haddock.psf	emscoring_111.pdb	170	-	-
Target268_403_from_Target268_twoch_337_haddock.psf	emscoring_265.pdb	172	-	-
Target268_156_from_Target268_twoch_64_haddock.psf	emscoring_590.pdb	173	-	-
Target268_624_from_Target268_twoch_580_haddock.psf	emscoring_533.pdb	174	-	-
Target268_784_from_Target268_twoch_757_haddock.psf	emscoring_730.pdb	175	-	-
Target268_407_from_Target268_twoch_341_haddock.psf	emscoring_270.pdb	176	-	-
Target268_453_from_Target268_twoch_392_haddock.psf	emscoring_326.pdb	177	-	-
Target268_210_from_Target268_twoch_124_haddock.psf	emscoring_29.pdb	178	-	-
Target268_741_from_Target268_twoch_710_haddock.psf	emscoring_678.pdb	179	-	-
Target268_60_from_Target268_twoch_554_haddock.psf	emscoring_505.pdb	180	-	-
Target268_655_from_Target268_twoch_614_haddock.psf	emscoring_572.pdb	181	-	-
Target268_212_from_Target268_twoch_126_haddock.psf	emscoring_31.pdb	182	-	-
Target268_718_from_Target268_twoch_684_haddock.psf	emscoring_649.pdb	183	-	-
Target268_223_from_Target268_twoch_138_haddock.psf	emscoring_44.pdb	184	-	-
Target268_19_from_Target268_twoch_100_haddock.psf	emscoring_784.pdb	185	-	-
Target268_57_from_Target268_twoch_520_haddock.psf	emscoring_467.pdb	186	-	-
Target268_775_from_Target268_twoch_747_haddock.psf	emscoring_719.pdb	187	-	-
Target268_264_from_Target268_twoch_183_haddock.psf	emscoring_94.pdb	188	-	-
Target268_577_from_Target268_twoch_528_haddock.psf	emscoring_476.pdb	189	-	-
Target268_675_from_Target268_twoch_636_haddock.psf	emscoring_596.pdb	190	-	-
Target268_269_from_Target268_twoch_188_haddock.psf	emscoring_99.pdb	191	-	-
Target268_161_from_Target268_twoch_70_haddock.psf	emscoring_656.pdb	192	-	-
Target268_486_from_Target268_twoch_428_haddock.psf	emscoring_366.pdb	193	-	-
Target268_288_from_Target268_twoch_209_haddock.psf	emscoring_123.pdb	194	-	-
Target268_523_from_Target268_twoch_469_haddock.psf	emscoring_410.pdb	195	-	-
Target268_411_from_Target268_twoch_346_haddock.psf	emscoring_275.pdb	196	-	-
Target268_697_from_Target268_twoch_660_haddock.psf	emscoring_622.pdb	197	-	-
Target268_558_from_Target268_twoch_507_haddock.psf	emscoring_453.pdb	198	-	-
Target268_207_from_Target268_twoch_120_haddock.psf	emscoring_24.pdb	199	-	-
Target268_687_from_Target268_twoch_649_haddock.psf	emscoring_610.pdb	200	-	-
Target268_606_from_Target268_twoch_561_haddock.psf	emscoring_513.pdb	201	-	-
Target268_722_from_Target268_twoch_689_haddock.psf	emscoring_654.pdb	202	-	-
Target268_607_from_Target268_twoch_562_haddock.psf	emscoring_514.pdb	203	-	-
Target268_746_from_Target268_twoch_715_haddock.psf	emscoring_684.pdb	204	-	-
Target268_349_from_Target268_twoch_277_haddock.psf	emscoring_198.pdb	205	-	-
Target268_753_from_Target268_twoch_723_haddock.psf	emscoring_693.pdb	206	-	-
Target268_266_from_Target268_twoch_185_haddock.psf	emscoring_96.pdb	207	-	-
Target268_190_from_Target268_twoch_101_haddock.psf	emscoring_4.pdb	208	-	-
Target268_646_from_Target268_twoch_604_haddock.psf	emscoring_561.pdb	209	-	-
Target268_188_from_Target268_twoch_98_haddock.psf	emscoring_782.pdb	210	-	-
Target268_430_from_Target268_twoch_367_haddock.psf	emscoring_298.pdb	211	-	-
Target268_240_from_Target268_twoch_157_haddock.psf	emscoring_65.pdb	212	-	-
Target268_162_from_Target268_twoch_71_haddock.psf	emscoring_668.pdb	213	-	-
Target268_545_from_Target268_twoch_493_haddock.psf	emscoring_437.pdb	214	-	-
Target268_408_from_Target268_twoch_342_haddock.psf	emscoring_271.pdb	215	-	-
Target268_324_from_Target268_twoch_250_haddock.psf	emscoring_168.pdb	216	-	-
Target268_533_from_Target268_twoch_480_haddock.psf	emscoring_422.pdb	217	-	-
Target268_54_from_Target268_twoch_487_haddock.psf	emscoring_430.pdb	218	-	-
Target268_684_from_Target268_twoch_646_haddock.psf	emscoring_607.pdb	219	-	-
Target268_169_from_Target268_twoch_77_haddock.psf	emscoring_734.pdb	220	-	-
Target268_502_from_Target268_twoch_446_haddock.psf	emscoring_385.pdb	221	-	-
Target268_73_from_Target268_twoch_697_haddock.psf	emscoring_663.pdb	222	-	-
Target268_586_from_Target268_twoch_538_haddock.psf	emscoring_487.pdb	223	-	-
Target268_719_from_Target268_twoch_685_haddock.psf	emscoring_650.pdb	224	-	-
Target268_553_from_Target268_twoch_502_haddock.psf	emscoring_448.pdb	225	-	-
Target268_205_from_Target268_twoch_118_haddock.psf	emscoring_22.pdb	226	-	-
Target268_134_from_Target268_twoch_40_haddock.psf	emscoring_324.pdb	227	-	-
Target268_629_from_Target268_twoch_585_haddock.psf	emscoring_539.pdb	228	-	-
Target268_7_from_Target268_twoch_663_haddock.psf	emscoring_626.pdb	229	-	-
Target268_77_from_Target268_twoch_741_haddock.psf	emscoring_713.pdb	230	-	-
Target268_786_from_Target268_twoch_759_haddock.psf	emscoring_732.pdb	231	-	-
Target268_525_from_Target268_twoch_471_haddock.psf	emscoring_413.pdb	232	-	-
Target268_176_from_Target268_twoch_85_haddock.psf	emscoring_768.pdb	233	-	-
Target268_291_from_Target268_twoch_213_haddock.psf	emscoring_128.pdb	234	-	-
Target268_95_from_Target268_twoch_781_haddock.psf	emscoring_757.pdb	235	-	-
Target268_399_from_Target268_twoch_331_haddock.psf	emscoring_259.pdb	236	-	-
Target268_724_from_Target268_twoch_691_haddock.psf	emscoring_657.pdb	237	-	-
Target268_314_from_Target268_twoch_239_haddock.psf	emscoring_156.pdb	238	-	-
Target268_206_from_Target268_twoch_119_haddock.psf	emscoring_23.pdb	240	-	-
Target268_573_from_Target268_twoch_524_haddock.psf	emscoring_472.pdb	241	-	-
Target268_40_from_Target268_twoch_333_haddock.psf	emscoring_261.pdb	242	-	-
Target268_238_from_Target268_twoch_154_haddock.psf	emscoring_62.pdb	243	-	-
Target268_84_from_Target268_twoch_769_haddock.psf	emscoring_743.pdb	244	-	-
Target268_547_from_Target268_twoch_495_haddock.psf	emscoring_439.pdb	245	-	-
Target268_668_from_Target268_twoch_628_haddock.psf	emscoring_587.pdb	246	-	-
Target268_147_from_Target268_twoch_54_haddock.psf	emscoring_479.pdb	247	-	-
Target268_531_from_Target268_twoch_478_haddock.psf	emscoring_420.pdb	248	-	-
Target268_461_from_Target268_twoch_401_haddock.psf	emscoring_337.pdb	249	-	-
Target268_126_from_Target268_twoch_31_haddock.psf	emscoring_225.pdb	250	-	-
Target268_166_from_Target268_twoch_75_haddock.psf	emscoring_712.pdb	251	-	-
Target268_265_from_Target268_twoch_184_haddock.psf	emscoring_95.pdb	252	-	-
Target268_596_from_Target268_twoch_549_haddock.psf	emscoring_499.pdb	253	-	-
Target268_499_from_Target268_twoch_442_haddock.psf	emscoring_381.pdb	254	-	-
Target268_519_from_Target268_twoch_464_haddock.psf	emscoring_405.pdb	255	-	-
Target268_361_from_Target268_twoch_291_haddock.psf	emscoring_214.pdb	257	-	-
Target268_487_from_Target268_twoch_429_haddock.psf	emscoring_367.pdb	258	-	-
Target268_483_from_Target268_twoch_425_haddock.psf	emscoring_363.pdb	259	-	-
Target268_759_from_Target268_twoch_729_haddock.psf	emscoring_699.pdb	260	-	-
Target268_150_from_Target268_twoch_58_haddock.psf	emscoring_523.pdb	261	-	-
Target268_548_from_Target268_twoch_496_haddock.psf	emscoring_440.pdb	262	-	-
Target268_237_from_Target268_twoch_153_haddock.psf	emscoring_61.pdb	263	-	-
Target268_526_from_Target268_twoch_472_haddock.psf	emscoring_414.pdb	264	-	-
Target268_634_from_Target268_twoch_591_haddock.psf	emscoring_546.pdb	265	-	-
Target268_518_from_Target268_twoch_463_haddock.psf	emscoring_404.pdb	266	-	-
Target268_125_from_Target268_twoch_30_haddock.psf	emscoring_213.pdb	267	-	-
Target268_369_from_Target268_twoch_299_haddock.psf	emscoring_222.pdb	268	-	-
Target268_682_from_Target268_twoch_644_haddock.psf	emscoring_605.pdb	269	-	-
Target268_383_from_Target268_twoch_314_haddock.psf	emscoring_240.pdb	270	-	-
Target268_200_from_Target268_twoch_113_haddock.psf	emscoring_17.pdb	271	-	-
Target268_444_from_Target268_twoch_382_haddock.psf	emscoring_315.pdb	272	-	-
Target268_588_from_Target268_twoch_540_haddock.psf	emscoring_489.pdb	273	-	-
Target268_149_from_Target268_twoch_56_haddock.psf	emscoring_501.pdb	274	-	-
Target268_330_from_Target268_twoch_257_haddock.psf	emscoring_176.pdb	275	-	-
Target268_579_from_Target268_twoch_530_haddock.psf	emscoring_478.pdb	276	-	-
Target268_475_from_Target268_twoch_416_haddock.psf	emscoring_353.pdb	277	-	-
Target268_670_from_Target268_twoch_631_haddock.psf	emscoring_591.pdb	278	-	-
Target268_366_from_Target268_twoch_296_haddock.psf	emscoring_219.pdb	279	-	-
Target268_379_from_Target268_twoch_309_haddock.psf	emscoring_234.pdb	280	-	-
Target268_638_from_Target268_twoch_595_haddock.psf	emscoring_550.pdb	281	-	-
Target268_686_from_Target268_twoch_648_haddock.psf	emscoring_609.pdb	282	-	-
Target268_105_from_Target268_twoch_8_haddock.psf	emscoring_667.pdb	283	-	-
Target268_72_from_Target268_twoch_686_haddock.psf	emscoring_651.pdb	284	-	-
Target268_32_from_Target268_twoch_245_haddock.psf	emscoring_163.pdb	285	-	-
Target268_582_from_Target268_twoch_534_haddock.psf	emscoring_483.pdb	286	-	-
Target268_756_from_Target268_twoch_726_haddock.psf	emscoring_696.pdb	287	-	-
Target268_45_from_Target268_twoch_388_haddock.psf	emscoring_321.pdb	288	-	-
Target268_94_from_Target268_twoch_780_haddock.psf	emscoring_755.pdb	289	-	-
Target268_16_from_Target268_twoch_68_haddock.psf	emscoring_634.pdb	290	-	-
Target268_610_from_Target268_twoch_566_haddock.psf	emscoring_518.pdb	291	-	-
Target268_647_from_Target268_twoch_605_haddock.psf	emscoring_562.pdb	292	-	-
Target268_278_from_Target268_twoch_198_haddock.psf	emscoring_110.pdb	293	-	-
Target268_104_from_Target268_twoch_7_haddock.psf	emscoring_556.pdb	294	-	-
Target268_472_from_Target268_twoch_413_haddock.psf	emscoring_350.pdb	295	-	-
Target268_110_from_Target268_twoch_14_haddock.psf	emscoring_36.pdb	296	-	-
Target268_229_from_Target268_twoch_144_haddock.psf	emscoring_51.pdb	297	-	-
Target268_576_from_Target268_twoch_527_haddock.psf	emscoring_475.pdb	298	-	-
Target268_651_from_Target268_twoch_610_haddock.psf	emscoring_567.pdb	299	-	-
Target268_562_from_Target268_twoch_512_haddock.psf	emscoring_459.pdb	300	-	-
Target268_272_from_Target268_twoch_192_haddock.psf	emscoring_104.pdb	301	-	-
Target268_593_from_Target268_twoch_546_haddock.psf	emscoring_496.pdb	302	-	-
Target268_329_from_Target268_twoch_255_haddock.psf	emscoring_174.pdb	303	-	-
Target268_685_from_Target268_twoch_647_haddock.psf	emscoring_608.pdb	304	-	-
Target268_726_from_Target268_twoch_693_haddock.psf	emscoring_659.pdb	305	-	-
Target268_617_from_Target268_twoch_573_haddock.psf	emscoring_526.pdb	306	-	-
Target268_621_from_Target268_twoch_578_haddock.psf	emscoring_531.pdb	307	-	-
Target268_311_from_Target268_twoch_236_haddock.psf	emscoring_153.pdb	308	-	-
Target268_98_from_Target268_twoch_784_haddock.psf	emscoring_760.pdb	309	-	-
Target268_347_from_Target268_twoch_275_haddock.psf	emscoring_196.pdb	310	-	-
Target268_282_from_Target268_twoch_203_haddock.psf	emscoring_117.pdb	311	-	-
Target268_743_from_Target268_twoch_712_haddock.psf	emscoring_681.pdb	312	-	-
Target268_309_from_Target268_twoch_233_haddock.psf	emscoring_150.pdb	313	-	-
Target268_317_from_Target268_twoch_242_haddock.psf	emscoring_160.pdb	314	-	-
Target268_639_from_Target268_twoch_596_haddock.psf	emscoring_551.pdb	315	-	-
Target268_216_from_Target268_twoch_130_haddock.psf	emscoring_35.pdb	316	-	-
Target268_766_from_Target268_twoch_737_haddock.psf	emscoring_708.pdb	317	-	-
Target268_44_from_Target268_twoch_377_haddock.psf	emscoring_309.pdb	318	-	-
Target268_233_from_Target268_twoch_149_haddock.psf	emscoring_56.pdb	319	-	-
Target268_592_from_Target268_twoch_545_haddock.psf	emscoring_495.pdb	320	-	-
Target268_303_from_Target268_twoch_227_haddock.psf	emscoring_143.pdb	321	-	-
Target268_196_from_Target268_twoch_107_haddock.psf	emscoring_10.pdb	322	-	-
Target268_619_from_Target268_twoch_575_haddock.psf	emscoring_528.pdb	323	-	-
Target268_644_from_Target268_twoch_602_haddock.psf	emscoring_559.pdb	324	-	-
Target268_183_from_Target268_twoch_93_haddock.psf	emscoring_777.pdb	325	-	-
Target268_30_from_Target268_twoch_223_haddock.psf	emscoring_139.pdb	326	-	-
Target268_250_from_Target268_twoch_168_haddock.psf	emscoring_77.pdb	327	-	-
Target268_476_from_Target268_twoch_417_haddock.psf	emscoring_354.pdb	328	-	-
Target268_326_from_Target268_twoch_252_haddock.psf	emscoring_171.pdb	329	-	-
Target268_641_from_Target268_twoch_599_haddock.psf	emscoring_554.pdb	330	-	-
Target268_255_from_Target268_twoch_173_haddock.psf	emscoring_83.pdb	331	-	-
Target268_420_from_Target268_twoch_356_haddock.psf	emscoring_286.pdb	332	-	-
Target268_23_from_Target268_twoch_145_haddock.psf	emscoring_52.pdb	333	-	-
Target268_79_from_Target268_twoch_763_haddock.psf	emscoring_737.pdb	334	-	-
Target268_115_from_Target268_twoch_19_haddock.psf	emscoring_91.pdb	335	-	-
Target268_208_from_Target268_twoch_121_haddock.psf	emscoring_26.pdb	336	-	-
Target268_141_from_Target268_twoch_48_haddock.psf	emscoring_412.pdb	337	-	-
Target268_304_from_Target268_twoch_228_haddock.psf	emscoring_144.pdb	338	-	-
Target268_71_from_Target268_twoch_675_haddock.psf	emscoring_639.pdb	339	-	-
Target268_674_from_Target268_twoch_635_haddock.psf	emscoring_595.pdb	340	-	-
Target268_358_from_Target268_twoch_287_haddock.psf	emscoring_209.pdb	341	-	-
Target268_742_from_Target268_twoch_711_haddock.psf	emscoring_680.pdb	342	-	-
Target268_688_from_Target268_twoch_650_haddock.psf	emscoring_611.pdb	343	-	-
Target268_424_from_Target268_twoch_360_haddock.psf	emscoring_290.pdb	344	-	-
Target268_763_from_Target268_twoch_734_haddock.psf	emscoring_705.pdb	345	-	-
Target268_732_from_Target268_twoch_700_haddock.psf	emscoring_666.pdb	346	-	-
Target268_28_from_Target268_twoch_200_haddock.psf	emscoring_112.pdb	347	-	-
Target268_739_from_Target268_twoch_707_haddock.psf	emscoring_675.pdb	348	-	-
Target268_167_from_Target268_twoch_76_haddock.psf	emscoring_723.pdb	349	-	-
Target268_609_from_Target268_twoch_564_haddock.psf	emscoring_516.pdb	350	-	-
Target268_661_from_Target268_twoch_621_haddock.psf	emscoring_580.pdb	351	-	-
Target268_337_from_Target268_twoch_264_haddock.psf	emscoring_184.pdb	352	-	-
Target268_698_from_Target268_twoch_661_haddock.psf	emscoring_624.pdb	353	-	-
Target268_211_from_Target268_twoch_125_haddock.psf	emscoring_30.pdb	354	-	-
Target268_663_from_Target268_twoch_623_haddock.psf	emscoring_582.pdb	355	-	-
Target268_148_from_Target268_twoch_55_haddock.psf	emscoring_490.pdb	356	-	-
Target268_315_from_Target268_twoch_240_haddock.psf	emscoring_157.pdb	357	-	-
Target268_185_from_Target268_twoch_95_haddock.psf	emscoring_779.pdb	358	-	-
Target268_653_from_Target268_twoch_612_haddock.psf	emscoring_570.pdb	359	-	-
Target268_702_from_Target268_twoch_667_haddock.psf	emscoring_630.pdb	360	-	-
Target268_143_from_Target268_twoch_50_haddock.psf	emscoring_434.pdb	361	-	-
Target268_187_from_Target268_twoch_97_haddock.psf	emscoring_781.pdb	362	-	-
Target268_215_from_Target268_twoch_129_haddock.psf	emscoring_34.pdb	363	-	-
Target268_690_from_Target268_twoch_653_haddock.psf	emscoring_615.pdb	364	-	-
Target268_170_from_Target268_twoch_79_haddock.psf	emscoring_756.pdb	365	-	-
Target268_436_from_Target268_twoch_373_haddock.psf	emscoring_305.pdb	366	-	-
Target268_268_from_Target268_twoch_187_haddock.psf	emscoring_98.pdb	367	-	-
Target268_604_from_Target268_twoch_559_haddock.psf	emscoring_510.pdb	368	-	-
Target268_554_from_Target268_twoch_503_haddock.psf	emscoring_449.pdb	369	-	-
Target268_75_from_Target268_twoch_719_haddock.psf	emscoring_688.pdb	370	-	-
Target268_362_from_Target268_twoch_292_haddock.psf	emscoring_215.pdb	371	-	-
Target268_505_from_Target268_twoch_449_haddock.psf	emscoring_388.pdb	372	-	-
Target268_423_from_Target268_twoch_359_haddock.psf	emscoring_289.pdb	373	-	-
Target268_454_from_Target268_twoch_393_haddock.psf	emscoring_327.pdb	374	-	-
Target268_83_from_Target268_twoch_768_haddock.psf	emscoring_742.pdb	375	-	-
Target268_253_from_Target268_twoch_171_haddock.psf	emscoring_81.pdb	376	-	-
Target268_694_from_Target268_twoch_657_haddock.psf	emscoring_619.pdb	377	-	-
Target268_635_from_Target268_twoch_592_haddock.psf	emscoring_547.pdb	378	-	-
Target268_762_from_Target268_twoch_733_haddock.psf	emscoring_704.pdb	379	-	-
Target268_130_from_Target268_twoch_36_haddock.psf	emscoring_280.pdb	380	-	-
Target268_503_from_Target268_twoch_447_haddock.psf	emscoring_386.pdb	381	-	-
Target268_773_from_Target268_twoch_745_haddock.psf	emscoring_717.pdb	382	-	-
Target268_142_from_Target268_twoch_49_haddock.psf	emscoring_423.pdb	383	-	-
Target268_217_from_Target268_twoch_131_haddock.psf	emscoring_37.pdb	384	-	-
Target268_709_from_Target268_twoch_674_haddock.psf	emscoring_638.pdb	385	-	-
Target268_67_from_Target268_twoch_630_haddock.psf	emscoring_589.pdb	386	-	-
Target268_557_from_Target268_twoch_506_haddock.psf	emscoring_452.pdb	387	-	-
Target268_300_from_Target268_twoch_224_haddock.psf	emscoring_140.pdb	388	-	-
Target268_789_from_Target268_twoch_762_haddock.psf	emscoring_736.pdb	389	-	-
Target268_527_from_Target268_twoch_473_haddock.psf	emscoring_415.pdb	390	-	-
Target268_416_from_Target268_twoch_351_haddock.psf	emscoring_281.pdb	391	-	-
Target268_394_from_Target268_twoch_326_haddock.psf	emscoring_253.pdb	392	-	-
Target268_667_from_Target268_twoch_627_haddock.psf	emscoring_586.pdb	393	-	-
Target268_478_from_Target268_twoch_419_haddock.psf	emscoring_356.pdb	394	-	-
Target268_640_from_Target268_twoch_598_haddock.psf	emscoring_553.pdb	395	-	-
Target268_6_from_Target268_twoch_553_haddock.psf	emscoring_504.pdb	396	-	-
Target268_306_from_Target268_twoch_230_haddock.psf	emscoring_146.pdb	397	-	-
Target268_758_from_Target268_twoch_728_haddock.psf	emscoring_698.pdb	398	-	-
Target268_178_from_Target268_twoch_87_haddock.psf	emscoring_770.pdb	399	-	-
Target268_367_from_Target268_twoch_297_haddock.psf	emscoring_220.pdb	400	-	-
Target268_29_from_Target268_twoch_211_haddock.psf	emscoring_126.pdb	401	-	-
Target268_565_from_Target268_twoch_515_haddock.psf	emscoring_462.pdb	402	-	-
Target268_182_from_Target268_twoch_92_haddock.psf	emscoring_776.pdb	403	-	-
Target268_418_from_Target268_twoch_353_haddock.psf	emscoring_283.pdb	404	-	-
Target268_715_from_Target268_twoch_681_haddock.psf	emscoring_646.pdb	405	-	-
Target268_290_from_Target268_twoch_212_haddock.psf	emscoring_127.pdb	406	-	-
Target268_584_from_Target268_twoch_536_haddock.psf	emscoring_485.pdb	407	-	-
Target268_404_from_Target268_twoch_338_haddock.psf	emscoring_266.pdb	408	-	-
Target268_24_from_Target268_twoch_156_haddock.psf	emscoring_64.pdb	409	-	-
Target268_111_from_Target268_twoch_15_haddock.psf	emscoring_47.pdb	410	-	-
Target268_514_from_Target268_twoch_459_haddock.psf	emscoring_399.pdb	411	-	-
Target268_194_from_Target268_twoch_105_haddock.psf	emscoring_8.pdb	412	-	-
Target268_334_from_Target268_twoch_261_haddock.psf	emscoring_181.pdb	413	-	-
Target268_681_from_Target268_twoch_643_haddock.psf	emscoring_604.pdb	414	-	-
Target268_591_from_Target268_twoch_544_haddock.psf	emscoring_494.pdb	415	-	-
Target268_124_from_Target268_twoch_29_haddock.psf	emscoring_202.pdb	416	-	-
Target268_46_from_Target268_twoch_399_haddock.psf	emscoring_333.pdb	417	-	-
Target268_666_from_Target268_twoch_626_haddock.psf	emscoring_585.pdb	418	-	-
Target268_139_from_Target268_twoch_45_haddock.psf	emscoring_379.pdb	419	-	-
Target268_704_from_Target268_twoch_669_haddock.psf	emscoring_632.pdb	420	-	-
Target268_146_from_Target268_twoch_53_haddock.psf	emscoring_468.pdb	421	-	-
Target268_541_from_Target268_twoch_489_haddock.psf	emscoring_432.pdb	422	-	-
Target268_192_from_Target268_twoch_103_haddock.psf	emscoring_6.pdb	423	-	-
Target268_203_from_Target268_twoch_116_haddock.psf	emscoring_20.pdb	424	-	-
Target268_664_from_Target268_twoch_624_haddock.psf	emscoring_583.pdb	425	-	-
Target268_179_from_Target268_twoch_88_haddock.psf	emscoring_771.pdb	426	-	-
Target268_469_from_Target268_twoch_409_haddock.psf	emscoring_345.pdb	427	-	-
Target268_703_from_Target268_twoch_668_haddock.psf	emscoring_631.pdb	428	-	-
Target268_239_from_Target268_twoch_155_haddock.psf	emscoring_63.pdb	429	-	-
Target268_380_from_Target268_twoch_311_haddock.psf	emscoring_237.pdb	430	-	-
Target268_677_from_Target268_twoch_638_haddock.psf	emscoring_598.pdb	431	-	-
Target268_450_from_Target268_twoch_389_haddock.psf	emscoring_322.pdb	432	-	-
Target268_276_from_Target268_twoch_196_haddock.psf	emscoring_108.pdb	433	-	-
Target268_712_from_Target268_twoch_678_haddock.psf	emscoring_642.pdb	434	-	-
Target268_145_from_Target268_twoch_52_haddock.psf	emscoring_457.pdb	435	-	-
Target268_415_from_Target268_twoch_350_haddock.psf	emscoring_279.pdb	436	-	-
Target268_452_from_Target268_twoch_391_haddock.psf	emscoring_325.pdb	437	-	-
Target268_262_from_Target268_twoch_181_haddock.psf	emscoring_92.pdb	438	-	-
Target268_396_from_Target268_twoch_328_haddock.psf	emscoring_255.pdb	439	-	-
Target268_197_from_Target268_twoch_108_haddock.psf	emscoring_11.pdb	440	-	-
Target268_256_from_Target268_twoch_174_haddock.psf	emscoring_84.pdb	441	-	-
Target268_626_from_Target268_twoch_582_haddock.psf	emscoring_536.pdb	442	-	-
Target268_65_from_Target268_twoch_608_haddock.psf	emscoring_565.pdb	443	-	-
Target268_782_from_Target268_twoch_755_haddock.psf	emscoring_728.pdb	444	-	-
Target268_676_from_Target268_twoch_637_haddock.psf	emscoring_597.pdb	445	-	-
Target268_101_from_Target268_twoch_4_haddock.psf	emscoring_224.pdb	446	-	-
Target268_305_from_Target268_twoch_229_haddock.psf	emscoring_145.pdb	447	-	-
Target268_636_from_Target268_twoch_593_haddock.psf	emscoring_548.pdb	448	-	-
Target268_51_from_Target268_twoch_454_haddock.psf	emscoring_394.pdb	449	-	-
Target268_221_from_Target268_twoch_136_haddock.psf	emscoring_42.pdb	450	-	-
Target268_540_from_Target268_twoch_488_haddock.psf	emscoring_431.pdb	451	-	-
Target268_86_from_Target268_twoch_771_haddock.psf	emscoring_746.pdb	452	-	-
Target268_501_from_Target268_twoch_445_haddock.psf	emscoring_384.pdb	453	-	-
Target268_494_from_Target268_twoch_437_haddock.psf	emscoring_375.pdb	454	-	-
Target268_108_from_Target268_twoch_11_haddock.psf	emscoring_3.pdb	455	-	-
Target268_460_from_Target268_twoch_400_haddock.psf	emscoring_334.pdb	456	-	-
Target268_353_from_Target268_twoch_282_haddock.psf	emscoring_204.pdb	457	-	-
Target268_1_from_Target268_twoch_2_haddock.psf	emscoring_2.pdb	458	-	-
Target268_9_from_Target268_twoch_775_haddock.psf	emscoring_750.pdb	459	-	-
Target268_275_from_Target268_twoch_195_haddock.psf	emscoring_107.pdb	460	-	-
Target268_520_from_Target268_twoch_466_haddock.psf	emscoring_407.pdb	461	-	-
Target268_34_from_Target268_twoch_267_haddock.psf	emscoring_187.pdb	462	-	-
Target268_650_from_Target268_twoch_609_haddock.psf	emscoring_566.pdb	463	-	-
Target268_248_from_Target268_twoch_165_haddock.psf	emscoring_74.pdb	464	-	-
Target268_648_from_Target268_twoch_606_haddock.psf	emscoring_563.pdb	465	-	-
Target268_371_from_Target268_twoch_302_haddock.psf	emscoring_227.pdb	466	-	-
Target268_322_from_Target268_twoch_248_haddock.psf	emscoring_166.pdb	467	-	-
Target268_771_from_Target268_twoch_743_haddock.psf	emscoring_715.pdb	468	-	-
Target268_58_from_Target268_twoch_531_haddock.psf	emscoring_480.pdb	469	-	-
Target268_583_from_Target268_twoch_535_haddock.psf	emscoring_484.pdb	470	-	-
Target268_220_from_Target268_twoch_135_haddock.psf	emscoring_41.pdb	471	-	-
Target268_129_from_Target268_twoch_34_haddock.psf	emscoring_258.pdb	472	-	-
Target268_153_from_Target268_twoch_61_haddock.psf	emscoring_557.pdb	473	-	-
Target268_599_from_Target268_twoch_552_haddock.psf	emscoring_503.pdb	474	-	-
Target268_717_from_Target268_twoch_683_haddock.psf	emscoring_648.pdb	475	-	-
Target268_470_from_Target268_twoch_411_haddock.psf	emscoring_348.pdb	476	-	-
Target268_189_from_Target268_twoch_99_haddock.psf	emscoring_783.pdb	477	-	-
Target268_730_from_Target268_twoch_698_haddock.psf	emscoring_664.pdb	478	-	-
Target268_556_from_Target268_twoch_505_haddock.psf	emscoring_451.pdb	479	-	-
Target268_333_from_Target268_twoch_260_haddock.psf	emscoring_179.pdb	480	-	-
Target268_87_from_Target268_twoch_772_haddock.psf	emscoring_747.pdb	481	-	-
Target268_517_from_Target268_twoch_462_haddock.psf	emscoring_403.pdb	482	-	-
Target268_465_from_Target268_twoch_405_haddock.psf	emscoring_341.pdb	483	-	-
Target268_631_from_Target268_twoch_588_haddock.psf	emscoring_542.pdb	484	-	-
Target268_198_from_Target268_twoch_109_haddock.psf	emscoring_12.pdb	485	-	-
Target268_611_from_Target268_twoch_567_haddock.psf	emscoring_519.pdb	486	-	-
Target268_428_from_Target268_twoch_364_haddock.psf	emscoring_295.pdb	487	-	-
Target268_708_from_Target268_twoch_673_haddock.psf	emscoring_637.pdb	488	-	-
Target268_508_from_Target268_twoch_452_haddock.psf	emscoring_392.pdb	489	-	-
Target268_601_from_Target268_twoch_556_haddock.psf	emscoring_507.pdb	490	-	-
Target268_41_from_Target268_twoch_344_haddock.psf	emscoring_273.pdb	491	-	-
Target268_419_from_Target268_twoch_354_haddock.psf	emscoring_284.pdb	492	-	-
Target268_733_from_Target268_twoch_701_haddock.psf	emscoring_669.pdb	493	-	-
Target268_449_from_Target268_twoch_387_haddock.psf	emscoring_320.pdb	494	-	-
Target268_440_from_Target268_twoch_378_haddock.psf	emscoring_310.pdb	495	-	-
Target268_665_from_Target268_twoch_625_haddock.psf	emscoring_584.pdb	496	-	-
Target268_482_from_Target268_twoch_424_haddock.psf	emscoring_362.pdb	497	-	-
Target268_600_from_Target268_twoch_555_haddock.psf	emscoring_506.pdb	498	-	-
Target268_135_from_Target268_twoch_41_haddock.psf	emscoring_336.pdb	499	-	-
Target268_128_from_Target268_twoch_33_haddock.psf	emscoring_247.pdb	500	-	-
Target268_530_from_Target268_twoch_477_haddock.psf	emscoring_419.pdb	501	-	-
Target268_409_from_Target268_twoch_343_haddock.psf	emscoring_272.pdb	502	-	-
Target268_432_from_Target268_twoch_369_haddock.psf	emscoring_300.pdb	503	-	-
Target268_608_from_Target268_twoch_563_haddock.psf	emscoring_515.pdb	504	-	-
Target268_479_from_Target268_twoch_420_haddock.psf	emscoring_357.pdb	505	-	-
Target268_433_from_Target268_twoch_370_haddock.psf	emscoring_301.pdb	506	-	-
Target268_107_from_Target268_twoch_10_haddock.psf	emscoring_774.pdb	507	-	-
Target268_658_from_Target268_twoch_617_haddock.psf	emscoring_575.pdb	508	-	-
Target268_532_from_Target268_twoch_479_haddock.psf	emscoring_421.pdb	509	-	-
Target268_370_from_Target268_twoch_301_haddock.psf	emscoring_226.pdb	510	-	-
Target268_630_from_Target268_twoch_587_haddock.psf	emscoring_541.pdb	511	-	-
Target268_310_from_Target268_twoch_235_haddock.psf	emscoring_152.pdb	512	-	-
Target268_377_from_Target268_twoch_307_haddock.psf	emscoring_232.pdb	513	-	-
Target268_297_from_Target268_twoch_219_haddock.psf	emscoring_134.pdb	514	-	-
Target268_263_from_Target268_twoch_182_haddock.psf	emscoring_93.pdb	515	-	-
Target268_706_from_Target268_twoch_671_haddock.psf	emscoring_635.pdb	516	-	-
Target268_350_from_Target268_twoch_279_haddock.psf	emscoring_200.pdb	517	-	-
Target268_136_from_Target268_twoch_42_haddock.psf	emscoring_347.pdb	518	-	-
Target268_35_from_Target268_twoch_278_haddock.psf	emscoring_199.pdb	519	-	-
Target268_474_from_Target268_twoch_415_haddock.psf	emscoring_352.pdb	520	-	-
Target268_292_from_Target268_twoch_214_haddock.psf	emscoring_129.pdb	521	-	-
Target268_426_from_Target268_twoch_362_haddock.psf	emscoring_293.pdb	522	-	-
Target268_683_from_Target268_twoch_645_haddock.psf	emscoring_606.pdb	523	-	-
Target268_507_from_Target268_twoch_451_haddock.psf	emscoring_391.pdb	524	-	-
Target268_397_from_Target268_twoch_329_haddock.psf	emscoring_256.pdb	525	-	-
Target268_580_from_Target268_twoch_532_haddock.psf	emscoring_481.pdb	526	-	-
Target268_488_from_Target268_twoch_430_haddock.psf	emscoring_368.pdb	527	-	-
Target268_414_from_Target268_twoch_349_haddock.psf	emscoring_278.pdb	528	-	-
Target268_53_from_Target268_twoch_476_haddock.psf	emscoring_418.pdb	529	-	-
Target268_744_from_Target268_twoch_713_haddock.psf	emscoring_682.pdb	530	-	-
Target268_283_from_Target268_twoch_204_haddock.psf	emscoring_118.pdb	531	-	-
Target268_112_from_Target268_twoch_16_haddock.psf	emscoring_58.pdb	532	-	-
Target268_381_from_Target268_twoch_312_haddock.psf	emscoring_238.pdb	533	-	-
Target268_100_from_Target268_twoch_3_haddock.psf	emscoring_113.pdb	534	-	-
Target268_691_from_Target268_twoch_654_haddock.psf	emscoring_616.pdb	535	-	-
Target268_513_from_Target268_twoch_458_haddock.psf	emscoring_398.pdb	536	-	-
Target268_38_from_Target268_twoch_310_haddock.psf	emscoring_235.pdb	537	-	-
Target268_81_from_Target268_twoch_766_haddock.psf	emscoring_740.pdb	538	-	-
Target268_511_from_Target268_twoch_456_haddock.psf	emscoring_396.pdb	539	-	-
Target268_285_from_Target268_twoch_206_haddock.psf	emscoring_120.pdb	540	-	-
Target268_388_from_Target268_twoch_319_haddock.psf	emscoring_245.pdb	541	-	-
Target268_490_from_Target268_twoch_433_haddock.psf	emscoring_371.pdb	542	-	-
Target268_321_from_Target268_twoch_247_haddock.psf	emscoring_165.pdb	543	-	-
Target268_36_from_Target268_twoch_289_haddock.psf	emscoring_211.pdb	544	-	-
Target268_723_from_Target268_twoch_690_haddock.psf	emscoring_655.pdb	545	-	-
Target268_260_from_Target268_twoch_179_haddock.psf	emscoring_89.pdb	546	-	-
Target268_448_from_Target268_twoch_386_haddock.psf	emscoring_319.pdb	547	-	-
Target268_427_from_Target268_twoch_363_haddock.psf	emscoring_294.pdb	548	-	-
Target268_602_from_Target268_twoch_557_haddock.psf	emscoring_508.pdb	549	-	-
Target268_534_from_Target268_twoch_481_haddock.psf	emscoring_424.pdb	550	-	-
Target268_462_from_Target268_twoch_402_haddock.psf	emscoring_338.pdb	551	-	-
Target268_331_from_Target268_twoch_258_haddock.psf	emscoring_177.pdb	552	-	-
Target268_319_from_Target268_twoch_244_haddock.psf	emscoring_162.pdb	553	-	-
Target268_341_from_Target268_twoch_269_haddock.psf	emscoring_189.pdb	554	-	-
Target268_4_from_Target268_twoch_332_haddock.psf	emscoring_260.pdb	555	-	-
Target268_569_from_Target268_twoch_519_haddock.psf	emscoring_466.pdb	556	-	-
Target268_109_from_Target268_twoch_12_haddock.psf	emscoring_14.pdb	557	-	-
Target268_612_from_Target268_twoch_568_haddock.psf	emscoring_520.pdb	558	-	-
Target268_555_from_Target268_twoch_504_haddock.psf	emscoring_450.pdb	559	-	-
Target268_458_from_Target268_twoch_397_haddock.psf	emscoring_331.pdb	560	-	-
Target268_535_from_Target268_twoch_482_haddock.psf	emscoring_425.pdb	561	-	-
Target268_357_from_Target268_twoch_286_haddock.psf	emscoring_208.pdb	562	-	-
Target268_177_from_Target268_twoch_86_haddock.psf	emscoring_769.pdb	563	-	-
Target268_26_from_Target268_twoch_178_haddock.psf	emscoring_88.pdb	564	-	-
Target268_539_from_Target268_twoch_486_haddock.psf	emscoring_429.pdb	565	-	-
Target268_91_from_Target268_twoch_777_haddock.psf	emscoring_752.pdb	566	-	-
Target268_395_from_Target268_twoch_327_haddock.psf	emscoring_254.pdb	567	-	-
Target268_390_from_Target268_twoch_322_haddock.psf	emscoring_249.pdb	568	-	-
Target268_365_from_Target268_twoch_295_haddock.psf	emscoring_218.pdb	569	-	-
Target268_660_from_Target268_twoch_620_haddock.psf	emscoring_578.pdb	570	-	-
Target268_373_from_Target268_twoch_304_haddock.psf	emscoring_229.pdb	571	-	-
Target268_88_from_Target268_twoch_773_haddock.psf	emscoring_748.pdb	572	-	-
Target268_209_from_Target268_twoch_122_haddock.psf	emscoring_27.pdb	573	-	-
Target268_707_from_Target268_twoch_672_haddock.psf	emscoring_636.pdb	574	-	-
Target268_74_from_Target268_twoch_708_haddock.psf	emscoring_676.pdb	575	-	-
Target268_493_from_Target268_twoch_436_haddock.psf	emscoring_374.pdb	576	-	-
Target268_516_from_Target268_twoch_461_haddock.psf	emscoring_402.pdb	577	-	-
Target268_767_from_Target268_twoch_738_haddock.psf	emscoring_709.pdb	578	-	-
Target268_227_from_Target268_twoch_142_haddock.psf	emscoring_49.pdb	579	-	-
Target268_249_from_Target268_twoch_166_haddock.psf	emscoring_75.pdb	580	-	-
Target268_243_from_Target268_twoch_160_haddock.psf	emscoring_68.pdb	581	-	-
Target268_14_from_Target268_twoch_46_haddock.psf	emscoring_390.pdb	582	-	-
Target268_160_from_Target268_twoch_69_haddock.psf	emscoring_645.pdb	583	-	-
Target268_271_from_Target268_twoch_191_haddock.psf	emscoring_103.pdb	584	-	-
Target268_391_from_Target268_twoch_323_haddock.psf	emscoring_250.pdb	585	-	-
Target268_118_from_Target268_twoch_22_haddock.psf	emscoring_125.pdb	586	-	-
Target268_342_from_Target268_twoch_270_haddock.psf	emscoring_190.pdb	587	-	-
Target268_284_from_Target268_twoch_205_haddock.psf	emscoring_119.pdb	588	-	-
Target268_779_from_Target268_twoch_751_haddock.psf	emscoring_724.pdb	589	-	-
Target268_31_from_Target268_twoch_234_haddock.psf	emscoring_151.pdb	590	-	-
Target268_614_from_Target268_twoch_570_haddock.psf	emscoring_522.pdb	591	-	-
Target268_788_from_Target268_twoch_761_haddock.psf	emscoring_735.pdb	592	-	-
Target268_280_from_Target268_twoch_201_haddock.psf	emscoring_115.pdb	593	-	-
Target268_64_from_Target268_twoch_597_haddock.psf	emscoring_552.pdb	594	-	-
Target268_605_from_Target268_twoch_560_haddock.psf	emscoring_511.pdb	595	-	-
Target268_457_from_Target268_twoch_396_haddock.psf	emscoring_330.pdb	596	-	-
Target268_710_from_Target268_twoch_676_haddock.psf	emscoring_640.pdb	597	-	-
Target268_613_from_Target268_twoch_569_haddock.psf	emscoring_521.pdb	598	-	-
Target268_158_from_Target268_twoch_66_haddock.psf	emscoring_612.pdb	599	-	-
Target268_729_from_Target268_twoch_696_haddock.psf	emscoring_662.pdb	600	-	-
Target268_459_from_Target268_twoch_398_haddock.psf	emscoring_332.pdb	601	-	-
Target268_364_from_Target268_twoch_294_haddock.psf	emscoring_217.pdb	602	-	-
Target268_218_from_Target268_twoch_132_haddock.psf	emscoring_38.pdb	603	-	-
Target268_92_from_Target268_twoch_778_haddock.psf	emscoring_753.pdb	604	-	-
Target268_116_from_Target268_twoch_20_haddock.psf	emscoring_102.pdb	605	-	-
Target268_252_from_Target268_twoch_170_haddock.psf	emscoring_79.pdb	606	-	-
Target268_69_from_Target268_twoch_652_haddock.psf	emscoring_614.pdb	607	-	-
Target268_298_from_Target268_twoch_220_haddock.psf	emscoring_135.pdb	608	-	-
Target268_247_from_Target268_twoch_164_haddock.psf	emscoring_73.pdb	609	-	-
Target268_274_from_Target268_twoch_194_haddock.psf	emscoring_106.pdb	610	-	-
Target268_254_from_Target268_twoch_172_haddock.psf	emscoring_82.pdb	611	-	-
Target268_445_from_Target268_twoch_383_haddock.psf	emscoring_316.pdb	612	-	-
Target268_199_from_Target268_twoch_110_haddock.psf	emscoring_13.pdb	613	-	-
Target268_351_from_Target268_twoch_280_haddock.psf	emscoring_201.pdb	614	-	-
Target268_637_from_Target268_twoch_594_haddock.psf	emscoring_549.pdb	615	-	-
Target268_122_from_Target268_twoch_27_haddock.psf	emscoring_180.pdb	616	-	-
Target268_214_from_Target268_twoch_128_haddock.psf	emscoring_33.pdb	617	-	-
Target268_431_from_Target268_twoch_368_haddock.psf	emscoring_299.pdb	618	-	-
Target268_603_from_Target268_twoch_558_haddock.psf	emscoring_509.pdb	619	-	-
Target268_781_from_Target268_twoch_754_haddock.psf	emscoring_727.pdb	620	-	-
Target268_384_from_Target268_twoch_315_haddock.psf	emscoring_241.pdb	621	-	-
Target268_757_from_Target268_twoch_727_haddock.psf	emscoring_697.pdb	622	-	-
Target268_536_from_Target268_twoch_483_haddock.psf	emscoring_426.pdb	623	-	-
Target268_754_from_Target268_twoch_724_haddock.psf	emscoring_694.pdb	624	-	-
Target268_400_from_Target268_twoch_334_haddock.psf	emscoring_262.pdb	625	-	-
Target268_312_from_Target268_twoch_237_haddock.psf	emscoring_154.pdb	626	-	-
Target268_468_from_Target268_twoch_408_haddock.psf	emscoring_344.pdb	627	-	-
Target268_401_from_Target268_twoch_335_haddock.psf	emscoring_263.pdb	628	-	-
Target268_20_from_Target268_twoch_112_haddock.psf	emscoring_16.pdb	629	-	-
Target268_245_from_Target268_twoch_162_haddock.psf	emscoring_71.pdb	630	-	-
Target268_228_from_Target268_twoch_143_haddock.psf	emscoring_50.pdb	631	-	-
Target268_151_from_Target268_twoch_59_haddock.psf	emscoring_534.pdb	632	-	-
Target268_417_from_Target268_twoch_352_haddock.psf	emscoring_282.pdb	633	-	-
Target268_372_from_Target268_twoch_303_haddock.psf	emscoring_228.pdb	634	-	-
Target268_154_from_Target268_twoch_62_haddock.psf	emscoring_568.pdb	635	-	-
Target268_80_from_Target268_twoch_765_haddock.psf	emscoring_739.pdb	636	-	-
Target268_467_from_Target268_twoch_407_haddock.psf	emscoring_343.pdb	637	-	-
Target268_242_from_Target268_twoch_159_haddock.psf	emscoring_67.pdb	638	-	-
Target268_497_from_Target268_twoch_440_haddock.psf	emscoring_378.pdb	639	-	-
Target268_695_from_Target268_twoch_658_haddock.psf	emscoring_620.pdb	640	-	-
Target268_410_from_Target268_twoch_345_haddock.psf	emscoring_274.pdb	641	-	-
Target268_76_from_Target268_twoch_730_haddock.psf	emscoring_700.pdb	642	-	-
Target268_33_from_Target268_twoch_256_haddock.psf	emscoring_175.pdb	643	-	-
Target268_413_from_Target268_twoch_348_haddock.psf	emscoring_277.pdb	644	-	-
Target268_412_from_Target268_twoch_347_haddock.psf	emscoring_276.pdb	645	-	-
Target268_693_from_Target268_twoch_656_haddock.psf	emscoring_618.pdb	646	-	-
Target268_225_from_Target268_twoch_140_haddock.psf	emscoring_46.pdb	647	-	-
Target268_180_from_Target268_twoch_90_haddock.psf	emscoring_773.pdb	648	-	-
Target268_226_from_Target268_twoch_141_haddock.psf	emscoring_48.pdb	649	-	-
Target268_642_from_Target268_twoch_600_haddock.psf	emscoring_555.pdb	650	-	-
Target268_657_from_Target268_twoch_616_haddock.psf	emscoring_574.pdb	651	-	-
Target268_293_from_Target268_twoch_215_haddock.psf	emscoring_130.pdb	652	-	-
Target268_434_from_Target268_twoch_371_haddock.psf	emscoring_303.pdb	653	-	-
Target268_451_from_Target268_twoch_390_haddock.psf	emscoring_323.pdb	654	-	-
Target268_777_from_Target268_twoch_749_haddock.psf	emscoring_721.pdb	655	-	-
Target268_772_from_Target268_twoch_744_haddock.psf	emscoring_716.pdb	656	-	-
Target268_121_from_Target268_twoch_26_haddock.psf	emscoring_169.pdb	657	-	-
Target268_21_from_Target268_twoch_123_haddock.psf	emscoring_28.pdb	658	-	-
Target268_571_from_Target268_twoch_522_haddock.psf	emscoring_470.pdb	659	-	-
Target268_155_from_Target268_twoch_63_haddock.psf	emscoring_579.pdb	660	-	-
Target268_48_from_Target268_twoch_421_haddock.psf	emscoring_359.pdb	661	-	-
Target268_731_from_Target268_twoch_699_haddock.psf	emscoring_665.pdb	662	-	-
Target268_560_from_Target268_twoch_510_haddock.psf	emscoring_456.pdb	663	-	-
Target268_132_from_Target268_twoch_38_haddock.psf	emscoring_302.pdb	664	-	-
Target268_447_from_Target268_twoch_385_haddock.psf	emscoring_318.pdb	665	-	-
Target268_339_from_Target268_twoch_266_haddock.psf	emscoring_186.pdb	666	-	-
Target268_736_from_Target268_twoch_704_haddock.psf	emscoring_672.pdb	667	-	-
Target268_62_from_Target268_twoch_576_haddock.psf	emscoring_529.pdb	668	-	-
Target268_425_from_Target268_twoch_361_haddock.psf	emscoring_292.pdb	669	-	-
Target268_270_from_Target268_twoch_190_haddock.psf	emscoring_101.pdb	670	-	-
Target268_751_from_Target268_twoch_721_haddock.psf	emscoring_691.pdb	671	-	-
Target268_566_from_Target268_twoch_516_haddock.psf	emscoring_463.pdb	672	-	-
Target268_93_from_Target268_twoch_779_haddock.psf	emscoring_754.pdb	673	-	-
Target268_184_from_Target268_twoch_94_haddock.psf	emscoring_778.pdb	674	-	-
Target268_258_from_Target268_twoch_176_haddock.psf	emscoring_86.pdb	675	-	-
Target268_138_from_Target268_twoch_44_haddock.psf	emscoring_369.pdb	676	-	-
Target268_728_from_Target268_twoch_695_haddock.psf	emscoring_661.pdb	677	-	-
Target268_328_from_Target268_twoch_254_haddock.psf	emscoring_173.pdb	678	-	-
Target268_137_from_Target268_twoch_43_haddock.psf	emscoring_358.pdb	679	-	-
Target268_495_from_Target268_twoch_438_haddock.psf	emscoring_376.pdb	680	-	-
Target268_481_from_Target268_twoch_423_haddock.psf	emscoring_361.pdb	681	-	-
Target268_68_from_Target268_twoch_641_haddock.psf	emscoring_602.pdb	682	-	-
Target268_318_from_Target268_twoch_243_haddock.psf	emscoring_161.pdb	683	-	-
Target268_340_from_Target268_twoch_268_haddock.psf	emscoring_188.pdb	684	-	-
Target268_287_from_Target268_twoch_208_haddock.psf	emscoring_122.pdb	685	-	-
Target268_570_from_Target268_twoch_521_haddock.psf	emscoring_469.pdb	686	-	-
Target268_672_from_Target268_twoch_633_haddock.psf	emscoring_593.pdb	687	-	-
Target268_204_from_Target268_twoch_117_haddock.psf	emscoring_21.pdb	688	-	-
Target268_231_from_Target268_twoch_147_haddock.psf	emscoring_54.pdb	689	-	-
Target268_359_from_Target268_twoch_288_haddock.psf	emscoring_210.pdb	690	-	-
Target268_66_from_Target268_twoch_619_haddock.psf	emscoring_577.pdb	691	-	-
Target268_78_from_Target268_twoch_752_haddock.psf	emscoring_725.pdb	692	-	-
Target268_735_from_Target268_twoch_703_haddock.psf	emscoring_671.pdb	693	-	-
Target268_484_from_Target268_twoch_426_haddock.psf	emscoring_364.pdb	694	-	-
Target268_0_from_Target268_twoch_1_haddock.psf	emscoring_1.pdb	695	-	-
Target268_563_from_Target268_twoch_513_haddock.psf	emscoring_460.pdb	696	-	-
Target268_656_from_Target268_twoch_615_haddock.psf	emscoring_573.pdb	697	-	-
Target268_42_from_Target268_twoch_355_haddock.psf	emscoring_285.pdb	698	-	-
Target268_652_from_Target268_twoch_611_haddock.psf	emscoring_569.pdb	699	-	-
Target268_201_from_Target268_twoch_114_haddock.psf	emscoring_18.pdb	700	-	-
Target268_113_from_Target268_twoch_17_haddock.psf	emscoring_69.pdb	701	-	-
Target268_90_from_Target268_twoch_776_haddock.psf	emscoring_751.pdb	702	-	-
Target268_235_from_Target268_twoch_151_haddock.psf	emscoring_59.pdb	703	-	-
Target268_747_from_Target268_twoch_716_haddock.psf	emscoring_685.pdb	704	-	-
Target268_473_from_Target268_twoch_414_haddock.psf	emscoring_351.pdb	705	-	-
Target268_392_from_Target268_twoch_324_haddock.psf	emscoring_251.pdb	706	-	-
Target268_354_from_Target268_twoch_283_haddock.psf	emscoring_205.pdb	707	-	-
Target268_393_from_Target268_twoch_325_haddock.psf	emscoring_252.pdb	708	-	-
Target268_443_from_Target268_twoch_381_haddock.psf	emscoring_314.pdb	709	-	-
Target268_39_from_Target268_twoch_321_haddock.psf	emscoring_248.pdb	710	-	-
Target268_589_from_Target268_twoch_541_haddock.psf	emscoring_491.pdb	711	-	-
Target268_389_from_Target268_twoch_320_haddock.psf	emscoring_246.pdb	712	-	-
Target268_316_from_Target268_twoch_241_haddock.psf	emscoring_159.pdb	713	-	-
Target268_633_from_Target268_twoch_590_haddock.psf	emscoring_544.pdb	714	-	-
Target268_774_from_Target268_twoch_746_haddock.psf	emscoring_718.pdb	715	-	-
Target268_776_from_Target268_twoch_748_haddock.psf	emscoring_720.pdb	716	-	-
Target268_406_from_Target268_twoch_340_haddock.psf	emscoring_268.pdb	717	-	-
Target268_749_from_Target268_twoch_718_haddock.psf	emscoring_687.pdb	718	-	-
Target268_12_from_Target268_twoch_24_haddock.psf	emscoring_147.pdb	719	-	-
Target268_175_from_Target268_twoch_84_haddock.psf	emscoring_767.pdb	720	-	-
Target268_144_from_Target268_twoch_51_haddock.psf	emscoring_446.pdb	721	-	-
Target268_43_from_Target268_twoch_366_haddock.psf	emscoring_297.pdb	722	-	-
Target268_163_from_Target268_twoch_72_haddock.psf	emscoring_679.pdb	723	-	-
Target268_97_from_Target268_twoch_783_haddock.psf	emscoring_759.pdb	724	-	-
Target268_783_from_Target268_twoch_756_haddock.psf	emscoring_729.pdb	725	-	-
Target268_477_from_Target268_twoch_418_haddock.psf	emscoring_355.pdb	726	-	-
Target268_737_from_Target268_twoch_705_haddock.psf	emscoring_673.pdb	727	-	-
Target268_193_from_Target268_twoch_104_haddock.psf	emscoring_7.pdb	728	-	-
Target268_348_from_Target268_twoch_276_haddock.psf	emscoring_197.pdb	729	-	-
Target268_344_from_Target268_twoch_272_haddock.psf	emscoring_193.pdb	730	-	-
Target268_768_from_Target268_twoch_739_haddock.psf	emscoring_710.pdb	731	-	-
Target268_714_from_Target268_twoch_680_haddock.psf	emscoring_644.pdb	732	-	-
Target268_133_from_Target268_twoch_39_haddock.psf	emscoring_313.pdb	733	-	-
Target268_15_from_Target268_twoch_57_haddock.psf	emscoring_512.pdb	734	-	-
Target268_327_from_Target268_twoch_253_haddock.psf	emscoring_172.pdb	735	-	-
Target268_346_from_Target268_twoch_274_haddock.psf	emscoring_195.pdb	736	-	-
Target268_294_from_Target268_twoch_216_haddock.psf	emscoring_131.pdb	737	-	-
Target268_673_from_Target268_twoch_634_haddock.psf	emscoring_594.pdb	738	-	-
Target268_246_from_Target268_twoch_163_haddock.psf	emscoring_72.pdb	739	-	-
Target268_257_from_Target268_twoch_175_haddock.psf	emscoring_85.pdb	740	-	-
Target268_172_from_Target268_twoch_81_haddock.psf	emscoring_764.pdb	741	-	-
Target268_734_from_Target268_twoch_702_haddock.psf	emscoring_670.pdb	742	-	-
Target268_678_from_Target268_twoch_639_haddock.psf	emscoring_599.pdb	743	-	-
Target268_120_from_Target268_twoch_25_haddock.psf	emscoring_158.pdb	744	-	-
Target268_720_from_Target268_twoch_687_haddock.psf	emscoring_652.pdb	745	-	-
Target268_386_from_Target268_twoch_317_haddock.psf	emscoring_243.pdb	746	-	-
Target268_261_from_Target268_twoch_180_haddock.psf	emscoring_90.pdb	747	-	-
Target268_289_from_Target268_twoch_210_haddock.psf	emscoring_124.pdb	748	-	-
Target268_464_from_Target268_twoch_404_haddock.psf	emscoring_340.pdb	749	-	-
Target268_191_from_Target268_twoch_102_haddock.psf	emscoring_5.pdb	750	-	-
Target268_491_from_Target268_twoch_434_haddock.psf	emscoring_372.pdb	751	-	-
Target268_102_from_Target268_twoch_5_haddock.psf	emscoring_335.pdb	752	-	-
Target268_325_from_Target268_twoch_251_haddock.psf	emscoring_170.pdb	753	-	-
Target268_11_from_Target268_twoch_13_haddock.psf	emscoring_25.pdb	754	-	-
Target268_376_from_Target268_twoch_306_haddock.psf	emscoring_231.pdb	755	-	-
Target268_82_from_Target268_twoch_767_haddock.psf	emscoring_741.pdb	756	-	-
Target268_402_from_Target268_twoch_336_haddock.psf	emscoring_264.pdb	757	-	-
Target268_96_from_Target268_twoch_782_haddock.psf	emscoring_758.pdb	758	-	-
Target268_622_from_Target268_twoch_579_haddock.psf	emscoring_532.pdb	759	-	-
Target268_123_from_Target268_twoch_28_haddock.psf	emscoring_191.pdb	760	-	-
Target268_446_from_Target268_twoch_384_haddock.psf	emscoring_317.pdb	761	-	-
Target268_70_from_Target268_twoch_664_haddock.psf	emscoring_627.pdb	762	-	-
Target268_61_from_Target268_twoch_565_haddock.psf	emscoring_517.pdb	763	-	-
Target268_89_from_Target268_twoch_774_haddock.psf	emscoring_749.pdb	764	-	-
Target268_787_from_Target268_twoch_760_haddock.psf	emscoring_733.pdb	765	-	-
Target268_627_from_Target268_twoch_583_haddock.psf	emscoring_537.pdb	766	-	-
Target268_512_from_Target268_twoch_457_haddock.psf	emscoring_397.pdb	767	-	-
Target268_363_from_Target268_twoch_293_haddock.psf	emscoring_216.pdb	768	-	-
Target268_725_from_Target268_twoch_692_haddock.psf	emscoring_658.pdb	769	-	-
Target268_127_from_Target268_twoch_32_haddock.psf	emscoring_236.pdb	770	-	-
Target268_716_from_Target268_twoch_682_haddock.psf	emscoring_647.pdb	771	-	-
Target268_356_from_Target268_twoch_285_haddock.psf	emscoring_207.pdb	772	-	-
Target268_620_from_Target268_twoch_577_haddock.psf	emscoring_530.pdb	773	-	-
Target268_273_from_Target268_twoch_193_haddock.psf	emscoring_105.pdb	774	-	-
Target268_705_from_Target268_twoch_670_haddock.psf	emscoring_633.pdb	775	-	-
Target268_528_from_Target268_twoch_474_haddock.psf	emscoring_416.pdb	776	-	-
Target268_544_from_Target268_twoch_492_haddock.psf	emscoring_436.pdb	777	-	-
Target268_277_from_Target268_twoch_197_haddock.psf	emscoring_109.pdb	778	-	-
Target268_52_from_Target268_twoch_465_haddock.psf	emscoring_406.pdb	779	-	-
Target268_195_from_Target268_twoch_106_haddock.psf	emscoring_9.pdb	780	-	-
Target268_628_from_Target268_twoch_584_haddock.psf	emscoring_538.pdb	781	-	-
Target268_355_from_Target268_twoch_284_haddock.psf	emscoring_206.pdb	782	-	-
Target268_700_from_Target268_twoch_665_haddock.psf	emscoring_628.pdb	783	-	-
Target268_442_from_Target268_twoch_380_haddock.psf	emscoring_312.pdb	784	-	-
